OrderID,CustomerID,RestaurantID,OrderDate,OrderStatus,OrderAmount
1ae165e5,3e65f1b8,3f966cbe,2024-10-17,Cancelled,3334.981605
43dc5b59,77fa426a,5f7eda1d,2024-01-03,Pending,378.0285723
3e2efa3f,becad47b,449e8963,2024-01-13,Cancelled,469.2797577
876baf7f,a7addd84,5eb7e43c,2024-10-24,Completed,3313.946339
159da039,9154f859,67c4b84a,2024-08-05,Completed,2496.240746
8c54af11,cb55ba4f,f69f812e,2024-10-25,Completed,3306.239781
986653a1,dfac5459,ad6a876f,2024-08-03,Pending,2472.323344
1bbf1415,be5ead49,f7d716d4,2024-05-11,Cancelled,1664.647046
29a53785,64d590ef,3e0e670a,2024-11-05,Pending,3434.0446
61c64d12,66de9ca3,ee917e0d,2024-02-20,Cancelled,848.3229031
e286c832,a7095dc3,97c38702,2024-08-23,Pending,2675.82338
d435cddd,6fdc17cf,f0b1c7cc,2024-07-02,Cancelled,2188.796394
fb5d9fdb,64271510,39b70be1,2024-11-05,Completed,3443.297706
eb63e59e,379ef625,6e0c9bbf,2024-11-29,Pending,3658.493564
09d8a7e8,3e3126f9,9233a57b,2024-11-16,Pending,3527.272999
55fd0982,ec8f2563,002e8a39,2024-08-11,Completed,2557.33618
eda3b3be,f0cd8235,490e9977,2024-10-28,Cancelled,3342.16969
853fc303,b56001cc,8d668957,2024-07-08,Cancelled,2230.990257
1762770d,7e1694ed,56bfc8e5,2024-11-01,Pending,3387.277801
63fa2742,fc8d7a74,53b56a12,2024-02-02,Pending,651.6491656
8b3ce9fb,40f6d7c5,544741ba,2024-04-21,Cancelled,1454.474116
d7203190,c8dc3970,d87a4f6e,2024-05-11,Pending,1635.579754
4935c1e2,f0c06197,5eb7e43c,2024-08-12,Cancelled,2571.685786
550a24c2,7d91cbd0,94ff5de5,2024-06-09,Pending,1934.654474
1d35c723,37d634da,3aaf5fd6,2024-09-03,Completed,2798.242799
731f0dd1,70145d52,1116628b,2024-06-03,Completed,1891.407038
ab746bca,b9e4474f,ba9f1052,2024-04-04,Completed,1267.986951
2b92bfb0,8e0a8091,44ef930b,2023-12-25,Pending,270.5693775
e16661c1,3f2c16d5,65eab846,2024-10-04,Completed,3113.696583
1ef09dd1,9e191787,e4ea0f7f,2024-03-29,Pending,1201.858017
6734ccc6,01e66b79,6674993c,2024-07-02,Pending,2174.301794
3920a038,5c5bd5d5,0c0d89b2,2024-05-28,Completed,1806.820965
62113251,44add25e,5456f1ba,2024-10-09,Completed,3142.602064
0ae53fc7,4768f1df,825e362f,2024-08-03,Completed,2507.955421
d97c23a0,7344945,627a23bc,2024-02-23,Cancelled,888.6252813
e90801ab,54e2bd06,8fbb95f8,2024-02-13,Completed,782.3358939
6320eb72,37d634da,595717b6,2024-01-10,Completed,422.1845508
d3ff522f,01e66b79,14bfd955,2024-07-09,Cancelled,2223.906885
87d7f617,3997ab53,2656802e,2024-03-07,Cancelled,1007.369321
b0587dcf,ad3e307f,3aaf5fd6,2024-02-13,Completed,769.6060997
365fd16d,10edda8d,1f5168c3,2024-07-08,Pending,2214.881529
3a9ed368,c7bbaa0f,f31fb3b5,2024-03-06,Completed,989.8070764
36b30718,cf25ba12,ae15b0f3,2024-05-19,Completed,1711.375541
2968f396,613109d2,4d016c92,2024-06-12,Completed,1986.372816
67a3e33e,7d91cbd0,1e749fc3,2024-02-09,Completed,720.3511993
9f25d884,6642287e,1f0badcf,2023-12-12,Cancelled,146.5008914
8fe74b24,4313dcae,2bc1d088,2024-03-05,Completed,972.468443
0e451a7f,73ce3164,afb8906a,2024-05-06,Pending,1600.802721
4351a4f2,73ce3164,89290394,2024-08-05,Cancelled,2511.868411
f789b69d,fd9d727c,5d202a4b,2024-02-06,Completed,687.3941782
8eddff46,f39a5594,0aa012c7,2024-09-16,Pending,2948.783385
1ffcae8c,cffec15e,bffeb432,2024-11-13,Cancelled,3521.005313
a3d23a7d,c8cc45f1,ed7a1164,2024-08-21,Cancelled,2687.579958
941a46c3,48ae6431,467ada62,2024-04-01,Cancelled,1265.793094
ad629317,31bf8adf,2e613607,2024-04-26,Completed,1503.915999
48ccd9a7,39d3f894,0bd64192,2024-05-23,Cancelled,1786.874969
67d9a13c,7187df5b,52e33cec,2024-11-02,Completed,3383.5397
b39155a9,e9766891,7.08E+14,2024-06-07,Completed,1907.839314
36029b0a,a9dacf5b,f520335b,2024-08-16,Completed,2601.809092
dda506ee,1723a3b6,6a2b243f,2024-04-04,Completed,1273.013213
b3946cf3,c98e39c6,498f728e,2024-11-15,Completed,3525.547092
c432b3be,a1d54cd7,f2c3ee98,2024-08-21,Cancelled,2665.853961
6e4c3c4e,ad8c806d,c27b9a37,2024-02-28,Cancelled,933.1495004
8fc62f87,647ddcc9,558a5e76,2024-06-13,Cancelled,1974.270133
01026cd9,48ae6431,016364da,2024-05-07,Completed,1601.23738
c5520204,129040c0,465255ca,2024-01-28,Pending,611.7078433
c53b24f5,32a1ed1d,a74554a2,2024-10-10,Completed,3155.636969
e9c66fa2,8d1cb37c,196cf182,2024-04-29,Completed,1542.087879
25619539,05beba6a,ae15b0f3,2024-02-05,Pending,672.9820257
ed0da608,ead1ccf0,dc41fbda,2024-07-02,Cancelled,2189.475477
7bcb41e3,44add25e,fce3b70e,2024-02-02,Cancelled,670.8897908
64ed320d,f0a85f27,a91ed682,2024-07-11,Completed,3247.948627
891b1191,38887e7a,033850f4,2024-02-24,Pending,860.2208847
a587b9b6,e6303be9,f2c3ee98,2024-05-30,Completed,1852.618457
b30de535,39c82266,f520335b,2024-07-22,Completed,2378.274294
5c8c52e3,85658d15,f900e7e5,2024-05-23,Pending,1779.160287
a5e611f4,2b74fe03,dc7a61f4,2024-09-05,Pending,2830.850814
7.77E+09,b46954df,a88286cf,2024-01-10,Pending,412.9617861
db2d3dc0,107e1209,76a0f54d,2023-12-13,Cancelled,144.3386291
7711dc96,607334be,be0f5fef,2024-08-05,Pending,2494.634762
f872f6ea,738d282a,1dd79d4a,2024-07-07,Cancelled,2234.524137
6f530cbd,c231dea0,8017de8c,2024-05-27,Cancelled,1814.931925
284b991d,49954ed6,6893aecb,2024-11-29,Completed,3663.235921
a8f02c0d,a57edf94,e2ca4bfb,2024-11-06,Pending,3422.542334
c13521fc,5d5e59d6,f6ae3f93,2024-07-06,Completed,2202.439293
c20c6616,01f0e30b,c5559863,2024-02-13,Pending,763.0073329
d0ee2bb7,a9cad7f8,467ada62,2024-01-29,Pending,629.1842471
d78b444d,40f3def5,c27b9a37,2024-04-14,Cancelled,1385.502299
53aaa32f,bd38ba05,9ea93743,2024-12-04,Completed,3735.48851
1f56c3eb,39c2bb29,9e2a18a4,2024-10-08,Pending,3148.888597
40c94c70,eb77387b,431c77e5,2024-05-14,Pending,1664.78377
f6e9d92f,5a6da2eb,da429b38,2024-10-15,Cancelled,3228.529791
9e37dbd6,57fe8bf1,2dc97934,2024-06-08,Pending,1940.431402
6b640715,76069967,6675508e,2024-07-02,Pending,2172.451088
c06b2057,2af5103d,8389c13f,2024-05-06,Cancelled,1710.838687
963e8535,e074b99f,88f73954,2024-05-01,Cancelled,1549.751824
29a5507d,96609294,c77146e6,2024-02-21,Pending,850.9093132
63d26d20,6575927b,467ada62,2024-08-03,Pending,2487.101641
e17ed509,b2121c9c,8b9ab853,2024-10-30,Pending,3351.016765
6b8c3aa4,058ccb98,b692c3a7,2024-01-05,Pending,364.3156571
88c70771,b3bf95bd,e9b53b4c,2024-08-26,Completed,2701.257167
b1475e54,fa91c2b7,505e51ee,2024-02-11,Completed,755.4564165
dfef78ed,d94a830c,64fc63fd,2024-06-06,Pending,1902.574239
40f30962,e7703e3b,1f0badcf,2024-02-27,Completed,920.3428276
58d8bd62,793eae94,958e5546,2024-03-16,Pending,1106.302659
c4fc0a14,93bbbe5c,7374dd67,2024-03-09,Pending,1009.971689
2f735a02,27d0d975,5e501086,2023-12-10,Cancelled,116.4153169
8462b526,4cf68f04,a74554a2,2024-05-18,Completed,1730.222046
ba4e1083,ec6d6c7b,9614139e,2024-03-24,Completed,1159.151927
f0dddb2a,9e74a863,dfc94088,2023-12-19,Cancelled,193.0791964
fc0c22c9,7a17bab1,dcf7ac17,2024-07-02,Cancelled,2161.590058
631b47fd,8801dd45,1fd623e6,2024-01-04,Completed,356.4488515
c4d1ed28,87961a9f,85cdde0e,2024-10-17,Pending,3257.187906
da9e9776,5b610e32,024a3e1b,2024-09-18,Pending,2962.324815
d6310a82,ea58b1a7,92edf0ab,2024-06-05,Cancelled,1905.33615
1e0e665b,39d3f894,dbc8e302,2024-09-13,Completed,2914.858424
a3320c17,cec0a254,bac6a411,2024-07-06,Pending,2222.146883
2ab88ab0,e54aa330,45abb2e8,2024-04-02,Completed,1247.462802
c0c77c47,f6d1b0c6,af6ddf42,2024-11-29,Pending,3685.70236
4a2006bd,5ec011a5,bdbef434,2024-12-04,Completed,3721.57369
bc4799da,1cb780bb,6893aecb,2024-05-26,Cancelled,1812.297606
6fecaa32,ce01d4f6,5cb330e7,2024-07-24,Pending,2405.843652
145e0d87,461d6771,106c7eda,2024-04-15,Pending,1382.720139
db3fa7db,963d4f36,bd274c0f,2024-08-27,Completed,2714.402077
a1e5309b,02a52bbc,79178163,2024-08-16,Pending,2609.117407
008227b6,d968ddec,5efd3ee2,2024-08-18,Completed,2637.084312
692994c5,fad26b78,d8a2a04a,2024-04-11,Completed,1362.720591
4caa1e2c,3805c616,a0fe06b3,2024-06-08,Completed,1914.429223
39fac773,b1fc1ba1,cbddff1c,2024-05-18,Completed,1700.278085
66caa024,dfac5459,c7388501,2024-08-31,Cancelled,2770.429892
165d8f4e,4f7f8dbd,6893aecb,2024-04-12,Cancelled,1356.69644
7c656d48,40f3def5,a460e7aa,2024-06-09,Cancelled,1928.884312
da0bfe04,49f1b363,3d4cadf7,2024-04-23,Completed,1454.794615
71ec9a85,623f8728,d78451c7,2023-12-29,Completed,303.5046069
06d09724,1f676118,4d016c92,2024-08-11,Cancelled,2587.716388
d493f140,86ac3065,e3d013f6,2024-02-11,Completed,742.9281173
6c561b6a,9328c618,14bfd955,2024-09-05,Completed,2820.751625
d54837fd,d9e47a85,e6814dca,2024-03-14,Cancelled,1078.120758
cd41d96e,1f84f90a,3ec62fef,2024-08-09,Completed,2544.545184
11b31c1a,7de018a9,89daea73,2024-08-22,Cancelled,2698.871283
706a0643,863d7b38,99908310,2024-09-17,Completed,2958.497892
228a3cd4,e5e5f158,88f73954,2024-03-27,Pending,1190.071292
c1bdab8a,86ac3065,854fe848,2024-01-27,Pending,599.8899402
d18a2cfa,88cd4a35,1316d4dc,2023-12-11,Completed,122.0351324
b602818d,d821b49a,46ac41ee,2024-07-07,Completed,1211.39362
b340cb94,f9b6c06f,f1808e9c,2024-10-29,Pending,3341.475478
dd9ac6ae,f8605236,17649e1b,2024-10-07,Completed,3144.382573
319fb439,c3541979,ddd19676,2024-03-08,Completed,1010.107161
6a2119f4,38887e7a,4a0d8d5c,2024-12-02,Pending,3682.05915
947bc43d,69a59634,5cad725d,2024-11-09,Pending,3461.145859
6f6d4566,a57edf94,24dbbe47,2023-12-16,Pending,196.3306354
33c15ab3,f03dabd5,46ac41ee,2024-03-30,Completed,1219.582476
5d597a73,ade0594e,7c0a5478,2024-03-14,Cancelled,1055.795795
cf76903a,ac1bfecc,721ee8a2,2024-09-20,Pending,2969.57811
1bebf818,5f04547c,d69ee513,2024-08-21,Cancelled,2689.426018
118d058f,ca3013f8,e4ea0f7f,2024-03-08,Cancelled,999.6822109
f61e0ca3,6996b78d,8c44d25b,2024-04-22,Completed,1416.885422
c84f8783,7f29b383,8b7dfd6f,2024-08-31,Cancelled,2780.464785
b2b36f09,c4e6b6ab,79ec2229,2024-07-08,Cancelled,2219.505502
ffa8b73d,8420c21d,53b373c6,2024-02-15,Pending,799.1286539
4c947217,5a3d7006,4edb119d,2024-07-02,Completed,2164.711325
c3f48f71,a38b80bf,8d668957,2024-04-07,Pending,1315.292233
b65406c3,f2ab1159,00a32a93,2024-05-24,Pending,1785.341188
1db379d5,5345ba1a,0c4759ac,2024-03-08,Cancelled,1011.430987
152fc4df,7339f7ce,5efd3ee2,2024-08-15,Completed,2593.611591
2c00b784,371189d1,53b373c6,2024-05-22,Cancelled,1773.4121
ac324510,ed7802be,9b1ed4a6,2024-05-12,Completed,1652.831203
7de5bbf8,dec8e939,1fd623e6,2024-11-12,Cancelled,3487.46074
e277917c,a7095dc3,9a1b0884,2024-04-02,Pending,1241.631006
006cb580,7070f513,0cc542ad,2024-02-22,Pending,863.6357177
a7b3eb5e,83873ada,f1459c99,2024-09-28,Cancelled,3057.102574
727cf008,cdf9e61d,fa0648b2,2024-09-09,Cancelled,2840.663513
fc524ca7,5a0b3d3e,7c6a9d2f,2024-10-27,Cancelled,3340.483722
951e6340,3338ac3d,d7972be0,2024-11-08,Pending,3149.059831
3c641d98,a49ebf2f,4dc3ea0b,2024-02-18,Cancelled,825.8069116
3ac52f99,3f04d399,986f0ecb,2024-06-12,Cancelled,1956.974657
60133c35,d94a830c,c096b5c3,2024-09-10,Completed,2877.63751
d1f7cc50,863d7b38,6b92f007,2024-03-20,Completed,1125.469414
f1bef49b,8fbfbf1a,77cb1f48,2024-09-10,Cancelled,2887.4692
30b22a52,29a134fd,c86a3ade,2024-07-16,Completed,2295.500838
55716fa9,9bef3bb4,449e8963,2024-08-16,Cancelled,2613.642654
a858976c,278266c6,3cbed378,2024-05-17,Completed,1694.538941
37212166,ea0e443f,43f91877,2024-09-24,Pending,3026.987745
a98bf959,b0de6e3d,3d4cadf7,2023-12-31,Cancelled,345.0935741
5e5daecd,f25760e8,7d18396d,2024-09-28,Pending,3040.317665
628daa68,6e5c9216,bd1fad1c,2024-11-26,Cancelled,3646.399362
78365889,bf0a4574,992c4d3e,2024-09-28,Pending,3062.688888
04ba39d2,9bef3bb4,f15b0952,2024-06-09,Pending,1942.208032
06f2d8ad,f2558401,9ab16426,2024-10-06,Pending,3131.186023
fc50764e,1f7d8a5d,a255a39c,2024-08-02,Cancelled,2469.674092
79b09e72,d356bbe7,21fc6348,2024-08-05,Cancelled,2493.724111
183f19a6,129040c0,dc7a61f4,2023-12-27,Completed,305.8886303
b898471f,a70e7ba5,8321078e,2024-03-14,Pending,1386.016722
7a050205,fbb28f56,e94b2960,2024-10-13,Pending,3205.324058
7ee96f36,6484e63a,4871d51f,2024-01-21,Completed,533.5611916
e8f6bce6,2f0a79c6,76917935,2024-06-11,Cancelled,1953.968383
5724b525,3e09bf66,c5559863,2024-12-03,Pending,3719.038227
ce44bb23,e5d73a90,a3362c78,2024-03-15,Pending,1095.88441
087ad48b,8ec7f27a,286b95be,2024-05-24,Pending,1795.483457
d258406e,d9622740,721ee8a2,2024-02-27,Pending,921.1950218
c28b7a97,28e707c1,d74cf945,2024-03-06,Completed,995.6812658
0a4cbcb8,e5e5f158,6027b2b7,2024-01-21,Pending,523.3655986
2c17e956,a058280d,ca862004,2024-05-04,Cancelled,1566.465149
8c91a9b4,652ca280,2f78aac5,2024-03-01,Completed,955.9421675
d3cb1a5b,2bac612d,eeaf3ddf,2024-01-01,Completed,344.2571624
ede8394e,28e707c1,5b58b0aa,2024-10-29,Pending,3340.367882
e9ed6fea,5991f751,9f8bd003,2024-03-11,Cancelled,1024.058862
8275350f,4dfb8039,51c27033,2024-08-21,Pending,2676.540071
e6a7f100,e074b99f,67c4b84a,2024-10-03,Pending,3080.202463
03c15a19,e074b99f,1dbedd98,2024-01-14,Pending,456.4323221
5be7869f,67647cc8,f73458f1,2024-03-18,Cancelled,1111.949352
de54d7d4,93f997ec,c05c318c,2024-03-11,Completed,1047.675808
a8203902,c08bf7d8,79178163,2024-07-24,Cancelled,2396.07845
8dfddd51,a1b154d3,cbe65628,2024-11-15,Completed,3518.970772
6c1194a0,f66d6b4e,5766729d,2024-11-17,Cancelled,3558.487169
4edfb452,ce582fde,0561eb15,2024-03-12,Completed,1039.489963
56b76522,a6f7111c,5e02aae8,2024-07-03,Completed,2173.015988
8f9a24ba,a1e39c2b,6d888b98,2024-04-24,Pending,1489.859656
67c2ca7f,63b5c05c,77de7ba9,2024-06-06,Cancelled,1815.985316
daf4923d,d3233f72,8fbb95f8,2023-12-19,Completed,223.9689364
a33aa765,3e09bf66,5a60f5f5,2024-09-15,Cancelled,2926.304516
ff5c1d2e,c4dc3060,aee0c8e9,2024-06-02,Completed,1872.732344
d506d7b5,0c1e4d40,5e493fc4,2024-01-07,Completed,383.7469907
8d47b83c,39638fe8,b554de3b,2024-04-02,Completed,1254.708632
5d5f6b36,ca305c6c,9ab16426,2024-06-16,Cancelled,2000.608095
27d3b138,8eea81b8,67d44d85,2024-03-03,Pending,949.7595857
2292992f,88745748,41c3b552,2024-03-06,Cancelled,1008.920422
3c9263e3,930884f6,ae2e1cd2,2024-06-11,Cancelled,1955.723909
606b1e2d,78a7cb28,4942cb1a,2024-05-15,Pending,1705.681862
c581e8ea,a115a278,a4eed5e1,2024-08-23,Cancelled,2695.245545
dd691693,411ee610,935d89c0,2024-02-06,Cancelled,711.7924521
dd69b775,69d5d263,87edbb77,2024-07-08,Cancelled,2230.105484
895a724a,a8270b94,fc82d064,2024-02-29,Pending,933.0761554
5dcfaead,86cf808f,449e8963,2024-07-16,Cancelled,2309.700708
5c955d5c,64411725,1929faef,2024-02-01,Cancelled,637.8097195
23da0f77,893907de,0bad6803,2024-10-01,Cancelled,3088.898085
82047268,b2121c9c,9e2a18a4,2024-08-02,Completed,2471.230894
285ff3e0,5205cafb,46e37afa,2024-01-01,Pending,320.9726387
a8ea5d24,dc71061e,e9b53b4c,2024-02-19,Cancelled,825.8188918
1fd34fa9,a49ec737,937eb37c,2024-03-31,Pending,1227.084427
d6407e6b,91564ab2,5e501086,2023-12-09,Completed,127.6183434
65bdb8f1,6e1eea3f,2e613607,2024-02-22,Pending,878.1571431
1cd4d7ca,383f00c9,02a22621,2024-04-27,Completed,1526.594576
184203d6,9ad40160,1a9fb92e,2024-10-28,Completed,3344.806348
2bb393be,52763973,c9c843e2,2023-12-19,Pending,190.6182647
b9282607,4f7f8dbd,30e0e015,2024-08-28,Pending,2757.132743
8cd430c3,2f8d8bc0,3166e789,2023-12-20,Pending,217.1273659
27a634d3,98b50089,d8f52997,2024-10-01,Pending,3098.666193
8.05E+85,5a902d22,713d21f4,2024-03-31,Cancelled,1258.544799
605b10be,0f736339,3114a237,2024-04-14,Pending,1394.120378
e82f5083,5345ba1a,9401b836,2024-03-11,Completed,1031.777956
49094209,30d51f38,2063d6fb,2024-03-04,Completed,965.4039091
f71f60fe,b4e836c9,ec8dd8a5,2024-05-26,Completed,1814.045467
00fbe301,8ec7f27a,ebc9ef48,2024-05-25,Pending,1782.67688
ee4d83bd,d821b49a,bd41f1aa,2024-08-07,Pending,2216.77971
59849c52,e01113d6,bc6e3945,2024-01-27,Completed,602.2720505
ab636f87,0a45de58,86994fe7,2024-01-11,Cancelled,457.446191
dd6ea898,7b472965,a2958a6e,2024-01-12,Cancelled,457.8411919
424244ee,5991f751,0c4759ac,2024-01-03,Cancelled,362.8024468
ee004331,d0aaf491,7587d388,2024-04-25,Cancelled,1473.88706
19205d5e,e01113d6,7db55e95,2023-12-28,Completed,304.6002891
fd3dab2d,d356bbe7,8d668957,2024-07-15,Completed,2319.602154
04c235b1,f66d6b4e,ac102933,2024-03-21,Cancelled,1125.603361
f847d988,02a52bbc,a88286cf,2024-01-23,Cancelled,560.7331861
4c66683e,d972908d,0649d866,2024-10-12,Completed,3205.094923
aa63a8a6,12030c2b,7bc2ac28,2023-12-27,Pending,299.6307447
c6291098,c4e6b6ab,f1cbb8c5,2024-09-24,Completed,3017.88063
fd5a99f8,29a6f5da,627a23bc,2024-05-11,Cancelled,1658.099363
30deaadb,93fda576,d6ffeafb,2024-06-30,Pending,2144.379646
8eb3cbb2,fad26b78,789abdc8,2024-09-24,Cancelled,3001.743674
bb70f6eb,bb8e4b50,61922c7b,2024-08-28,Completed,2752.374446
2608a93f,e66f5f73,e6ed7a2b,2024-01-13,Completed,472.4045358
26c2c591,7b8918f8,9cf015aa,2024-01-21,Cancelled,554.6828927
4f550534,36d3765a,c77146e6,2024-05-17,Completed,1926.529622
4e10dbf9,4768f1df,671deeea,2024-03-20,Pending,1130.453696
94c05068,119eb55b,de18049e,2024-10-31,Completed,3380.060652
5897b615,5936d29a,6ed948d9,2024-11-07,Completed,3461.931807
58c60974,20e8f95e,e64e03da,2024-01-28,Completed,615.9985572
e4757b85,a2e40b90,53b56a12,2024-08-19,Pending,2658.078675
59169738,1284dffc,84d5838f,2023-12-27,Cancelled,301.8317068
0c133e79,12030c2b,eeaf3ddf,2024-10-19,Pending,3275.600214
cb1db28f,49954ed6,9e1e50df,2024-01-22,Completed,543.5198063
461247ff,fedd9db1,04b03c80,2024-05-12,Cancelled,1655.023318
c9cab3fd,0547d952,aec518ec,2024-06-30,Cancelled,2133.759278
f012f17a,4dcac7c3,b40880bb,2024-08-30,Cancelled,2763.131206
8d1daa72,bffd46e4,77de7ba9,2024-11-08,Completed,3441.437691
7f834983,e84784db,8ff3a047,2024-01-24,Pending,568.6239207
7fbef629,5aec368f,e6814dca,2024-01-13,Cancelled,461.7057854
c6438356,9e190ff2,8b7dfd6f,2023-12-31,Completed,321.4616501
26b9044f,c4dc3060,51ab59b8,2024-10-07,Completed,3143.63333
b85846eb,7db63fe4,d832b182,2024-03-08,Pending,1991.22001
25050444,57701196,024a3e1b,2024-09-10,Pending,2851.493928
62e0504c,610c7fca,9d086f52,2024-02-18,Completed,832.9040224
82346728,918d3531,f0335bd2,2024-02-21,Pending,844.4076257
b041800d,278266c6,4a0d8d5c,2024-08-26,Pending,2705.082421
9166a09b,184e4a47,ef5426fe,2024-10-13,Completed,3200.88973
152b3980,6bb5e657,ee63a8cc,2024-03-04,Pending,980.7997421
ac04819c,9221c6a8,0a3aad09,2024-02-20,Pending,828.6328411
335c00eb,66de9ca3,2308e1b0,2024-06-09,Cancelled,1944.915619
ff925c9d,40287263,bb3dd51e,2024-08-12,Cancelled,2563.413899
95af118e,7339f7ce,3ba1520f,2024-11-19,Completed,3552.067269
3148e373,f326abbe,3114a237,2024-08-23,Cancelled,2691.254185
25c772a9,50789856,0b53c8aa,2024-10-03,Completed,3101.625405
dcca99ac,c847a646,1226d8f3,2024-07-03,Cancelled,2185.497196
1e864db9,3f04d399,1801d030,2024-05-16,Completed,1709.043653
4c417968,0a67ff8f,fa125aa3,2024-07-18,Completed,2349.034083
267f1a7d,4ae798d1,81e49294,2024-05-28,Pending,1820.652014
795e51d8,6579ece4,8838ecf2,2024-03-11,Completed,1032.918259
cf185aa4,b1bf0064,c543003e,2024-07-08,Pending,2241.807448
ff1f510d,faf24084,81ea0acb,2024-05-07,Completed,1600.83329
6dfc1941,e7d4015f,8838ecf2,2024-06-09,Completed,1937.558857
6cbc9f87,ecac7b4b,a91ed682,2024-07-20,Cancelled,2333.138255
4f2ff2f7,fd9d727c,92fc2a6f,2024-04-23,Cancelled,1451.01403
71e4d93a,58079474,f85c640d,2024-11-21,Pending,3608.505937
63c738b1,870ef607,eaad2daa,2024-02-24,Cancelled,899.4392048
a4c11cee,a1d54cd7,76917935,2024-09-19,Completed,2967.838968
a1ec79d2,40f6d7c5,002e8a39,2024-03-04,Cancelled,966.3581178
8bdfb0b2,2787c17f,e7c6f5df,2024-11-02,Cancelled,3386.931773
857b5a91,8c25a949,18d29950,2024-07-30,Pending,2436.257482
93f875fa,29a6f5da,3c51a620,2024-03-04,Cancelled,960.0097159
ed5da309,dd14910d,5584625c,2024-02-04,Cancelled,681.9690666
a26ab3ea,0d17a066,65619a7c,2024-10-01,Completed,3088.583837
5cb65bed,3805c616,8b889daa,2024-06-19,Completed,2046.407895
a9075a3c,a59cc246,5eb7e43c,2024-06-21,Completed,2051.197356
2955024e,d972908d,bcfd6e7c,2024-06-07,Completed,1938.194611
e2b51b18,f2a572f1,30e0e015,2024-06-08,Pending,1939.515877
3d98f4a0,54e2bd06,ee788283,2024-08-02,Cancelled,2482.174162
f0d71070,9244fe00,43f91877,2024-11-12,Completed,3504.46883
1abe7499,d8326c9e,f556bc51,2023-12-21,Pending,226.7840025
956a7ffa,7351b3e4,0bb89f23,2024-07-31,Pending,2449.90924
a46a9c6d,5ec011a5,4d9c2943,2024-01-05,Pending,374.2389071
1b70da1a,a21f80ee,9e3dd28f,2024-01-18,Completed,520.3138444
006df207,6b5cc240,e3efa840,2024-10-19,Pending,3240.57574
8c58f8d7,76069967,bcdba65e,2024-08-11,Completed,2554.642906
f8ab8dbe,c78ebfb4,97c38702,2024-03-01,Pending,921.8401057
fc505de9,1e15fa07,e9b53b4c,2024-03-04,Pending,959.6291521
0f540406,c5a41fbf,53a6e7ce,2024-11-09,Cancelled,3484.218423
defd91fb,24a1a83e,bcfd6e7c,2024-10-09,Pending,3168.146314
7b62c7e9,549a7d4e,c9653447,2024-06-19,Cancelled,2038.966953
69fb7908,092ae67e,8e65fab3,2024-08-23,Pending,2673.913366
bf45e3cd,1430b092,e49cdf9e,2024-07-31,Completed,2459.664635
4f92e385,aa5e39c6,ed20c881,2024-10-22,Cancelled,3288.938871
3caae39d,faf24084,0ba0adf1,2024-08-01,Completed,2456.928075
4acfcef1,9252567,dd78e2e9,2024-06-03,Completed,1877.354066
36364423,b1bf0064,006cb334,2024-09-23,Completed,2995.940189
3d92575f,e92546a6,d3d52c6e,2024-11-28,Completed,3664.634004
3d9ae7a4,47a20e42,7f97e40b,2024-06-23,Completed,2085.403746
e0b26ce5,74e1e320,b2e132b8,2024-06-14,Cancelled,1971.81216
7f13ecad,6f258432,de45c6b6,2024-08-15,Cancelled,2604.984505
0ecfcc0f,3f765e05,94262b8e,2023-12-20,Completed,225.0343966
070d046b,565f56c5,f15b0952,2024-03-21,Completed,1240.12545
60b24a23,85356d30,8fbb95f8,2024-02-16,Pending,814.2595936
801555c4,a1e39c2b,8bd9163e,2024-02-26,Completed,906.3477453
e2056080,9081f441,f2c3ee98,2024-05-31,Completed,1836.517377
59d71892,26a3dc0a,8cfb487e,2024-04-12,Pending,1342.82275
6187b579,314cb894,49d5eb26,2024-06-27,Pending,2125.696771
5f984dff,6765c43d,99908310,2024-06-27,Pending,2101.060452
f295a90a,3805c616,1d7c73ea,2023-12-31,Pending,333.4310233
5c0a22ac,cffec15e,5e493fc4,2024-04-09,Completed,1347.60921
5a0af42c,9081f441,63e9dc66,2024-10-23,Pending,3303.018967
50602d9c,a18974de,4d9c2943,2024-10-16,Completed,3225.526797
528b25d6,0349bfa3,e9644991,2024-08-10,Pending,2565.731529
e59a0cc6,7b8784dd,ffe6e5bf,2024-11-22,Completed,3598.330116
67d90dbd,a118235d,ebc9ef48,2024-12-06,Completed,3741.824672
0365779e,e1e88e35,f7d716d4,2024-09-03,Completed,2817.658592
bf0aedeb,54c058fd,9a8b6905,2024-09-09,Pending,2855.444106
552e86a7,058ccb98,ed7a1164,2024-09-24,Pending,3028.447623
a7945bb8,2d053b29,9bd6f30f,2024-04-06,Cancelled,1316.214026
717aa4de,69a59634,34dc43e6,2024-06-09,Pending,1927.831645
84b3272b,496f7f94,bfddc941,2024-11-08,Completed,3442.774452
67237d4d,387b68f3,3ceced91,2024-11-03,Completed,3394.03112
fe1ad2d4,9ea830d2,dd78e2e9,2024-09-19,Completed,2940.728873
0e7640b0,57fe8bf1,9a1b0884,2024-07-09,Pending,1223.777718
36cde62d,4768f1df,5e9c9123,2024-06-29,Pending,2147.320271
e6ee45bb,91b2dcdf,aee0c8e9,2024-02-09,Completed,712.8475459
c246b311,38a111af,c7388501,2024-11-01,Pending,3382.759025
84216871,7344945,00a32a93,2024-03-11,Pending,1053.795012
bbf92b78,36d3765a,8fa32e3a,2024-07-19,Cancelled,2320.930877
a292182e,c540a6c4,1ea0ce40,2024-03-18,Pending,1122.578739
0e010919,919d5a12,de18049e,2024-11-07,Pending,3441.274191
33d54720,edbf6fa0,2801f2a3,2024-03-07,Cancelled,984.7265931
0670deeb,bc166e4a,ddb3eaf2,2024-06-14,Completed,1997.869487
ea0fd80d,211e03a7,3721920e,2024-04-19,Completed,1435.157714
1e214d23,803233c1,a9caa770,2024-02-10,Completed,755.0988805
4e3c25cf,2f88452c,ca8f1122,2024-05-24,Cancelled,1789.402842
ebdf4fee,36863305,2bf8d539,2024-02-16,Completed,812.1392372
d830bcfc,691cfca5,6b5b1100,2024-05-31,Completed,1841.281383
365be51c,b0bca3d6,f2c3ee98,2024-10-02,Pending,4077.097582
3290a859,24f15d1c,f54bc6f9,2024-11-16,Completed,3550.02459
e1ef66fd,01e66b79,db320537,2023-12-17,Cancelled,202.2733896
903c48ff,86463648,935b42af,2023-12-12,Cancelled,159.6202057
d0a878f5,38a111af,ac866d71,2024-06-09,Pending,1936.504707
f6d8f24c,39947eb0,e4abfc62,2024-10-10,Completed,3164.880723
5bb77d97,c2ab64b2,7.41E+79,2024-09-25,Cancelled,3031.056518
3126b61b,bdbbcac5,847d8403,2024-11-05,Completed,3423.632142
1c119e63,2fe39423,a8cf95f2,2024-08-23,Completed,2707.230293
86d29fd6,6a9acadb,1f0badcf,2024-02-28,Cancelled,934.3365101
f0facf39,383f00c9,9d92e817,2024-05-16,Pending,1697.159761
2b1c4041,05403d1f,9ab16426,2024-06-16,Cancelled,2020.034843
47c59b61,01afc46f,77b0e19c,2024-09-28,Completed,3060.181715
e2eb5395,c8cc45f1,ece0e4a3,2024-04-16,Pending,1384.124955
b399fb94,21ae7e3a,f1cbb8c5,2024-08-08,Pending,2556.102116
e922fba6,09973b57,993315b7,2024-01-14,Cancelled,470.2100949
94331c1b,54cd31fc,c7ea08f1,2023-12-25,Pending,283.0582986
219dc2b8,3892390a,77d51318,2024-11-22,Pending,3592.801984
a85ec278,d0683ed5,3456bab2,2024-07-22,Pending,2385.820929
31e11558,acbdea18,3f2a6045,2024-07-22,Cancelled,2365.568067
baa830aa,9252567,e89805b8,2024-10-24,Pending,3290.433506
170a40c1,1284dffc,0fdcac90,2024-04-02,Pending,1276.215279
56c1c96c,a9d0bc66,1dd79d4a,2024-09-04,Pending,2793.651467
7c20f338,ecbe1e2d,8.30E+93,2024-01-09,Completed,412.7725455
beb1fbe3,679689,3f4dfa8f,2023-12-09,Pending,128.0024787
acc409c7,d0aaf491,0a7fea00,2024-02-25,Completed,908.0242859
65391728,ad3e307f,033850f4,2023-12-31,Pending,332.9375155
25b17799,5c5bd5d5,67164f42,2024-01-29,Cancelled,625.2734885
74ec4fac,bffd46e4,f63aee47,2024-09-17,Completed,2937.937821
34d76a5a,24f15d1c,1e749fc3,2024-03-06,Completed,981.7284309
08ef7402,1c920462,a6a596fa,2024-11-14,Cancelled,3513.146582
c585ea57,a97adb62,c22e1574,2024-05-13,Completed,1676.900738
668729ce,8c7c0eef,b6500c9d,2024-06-24,Cancelled,2100.094981
b2ecd1b4,9bef3bb4,6e88a842,2024-02-04,Completed,691.6631617
814bb4da,58079474,146aaa5c,2024-05-28,Completed,1831.584726
0d914a50,838097b2,61f84637,2024-01-19,Completed,503.6482441
5a6e22b6,5121e581,d8959e82,2024-07-27,Cancelled,2419.776812
c3786f06,e823eca3,eb23602e,2024-05-19,Pending,1712.30235
d3d1b313,e5d73a90,6439299b,2024-11-12,Cancelled,3501.981155
ab4cf4dd,7070f513,34dc43e6,2023-12-24,Completed,157.6612201
e1e2f062,89050604,71e00fda,2024-10-19,Cancelled,3275.508167
a912d6f5,7ac0f154,a439d540,2024-01-02,Cancelled,344.0366005
dae421ce,8420c21d,bf752dcf,2024-05-09,Cancelled,1614.682681
885daf02,73fb34be,ac102933,2024-11-26,Pending,3625.719667
b67f079e,627455fc,f900e7e5,2024-09-24,Completed,3020.460425
2fa13ae4,30d51f38,bf752dcf,2024-08-04,Completed,2504.728723
bfb975af,96609294,5cad725d,2024-10-10,Pending,3154.044907
96fafc4f,f0c06197,265b3af4,2024-06-22,Completed,2053.364272
8958fe5d,cd2e50c4,30e0e015,2024-09-10,Pending,2878.038765
fcd8182e,ea76d875,a00f6194,2024-05-19,Completed,1712.91052
2bad67f7,6a9acadb,8b154099,2024-09-20,Pending,2982.874402
ad6d9f8d,7a3f3b3f,ca862004,2024-09-27,Cancelled,3048.249689
e9ae692f,695afe3b,abab4122,2024-08-12,Pending,2563.253951
bcdf264a,67988382,9cf015aa,2024-08-26,Completed,2703.393509
242caf81,4a53a113,6d888b98,2024-08-31,Completed,2789.465583
c9506292,56cf7273,6b5b1100,2024-10-15,Pending,3214.970832
79215bd4,a43d561e,59fa395e,2024-02-05,Cancelled,684.8256859
34855a2b,2b498bad,5e501086,2024-06-06,Pending,1922.511983
62d69b96,8accfd50,12ff106c,2024-09-30,Completed,3087.889943
83dc6ece,ea76d875,9e854b8e,2024-03-18,Completed,2129.440043
83a12d99,439e1832,4c9ac1d2,2024-11-20,Cancelled,3590.135127
fad53ab6,d92fc684,d2207c5f,2024-06-21,Pending,2055.050383
fbb39455,5a217da0,5e501086,2024-11-01,Cancelled,3373.340029
17685572,87ff65e4,0d364835,2024-09-10,Completed,2881.085877
c30b84c6,81b7a8b1,de617aa3,2024-06-07,Completed,1922.33617
fe883d2b,33b78260,efa7bf09,2024-03-26,Completed,1186.96888
8eda0c5d,1cb780bb,d367a1a0,2024-01-12,Completed,466.2541754
c97877c4,56951065,16e2fbda,2024-01-06,Cancelled,374.4478993
d019810a,e92546a6,685f1906,2024-06-23,Pending,2079.705004
1094cd3f,3f2c16d5,44606cac,2024-08-07,Cancelled,2510.454146
81ca9c3f,49954ed6,2b5199f6,2024-07-04,Pending,2188.746426
b7b88b3d,8176680c,bc6e3945,2024-07-20,Pending,2332.252131
2e8493f1,a2ff527c,ad6a876f,2024-11-10,Cancelled,3464.752717
229e7bb5,9e49d401,65eab846,2024-07-07,Pending,2204.70105
9d088ff3,803233c1,bd274c0f,2024-06-29,Completed,2145.968412
038b8b77,c8dc3970,402fc419,2024-08-09,Completed,2559.841795
1a8fc5b2,a71e1105,1f75ef70,2024-03-06,Cancelled,993.3347506
75117597,a9d0bc66,5c9b9c79,2024-01-16,Cancelled,508.4869019
ea961a95,fab5761e,0a219eab,2023-12-09,Cancelled,204.9948232
eabc7671,c2ab64b2,e0f4d0ff,2024-07-11,Completed,2251.428483
bffbcbb6,1f3a9334,0d364835,2023-12-27,Pending,304.7439651
496e3ed7,9e190ff2,bd274c0f,2024-11-23,Pending,3598.943834
a156e3ca,54cd31fc,aa51f6ff,2024-08-17,Cancelled,2648.528902
a76e7ad4,c895d052,6893aecb,2024-06-04,Cancelled,1870.486179
3cb51bed,26a3dc0a,70a532f6,2024-06-02,Cancelled,1888.795153
d04c2dce,4b01c91c,002e8a39,2024-09-03,Completed,2781.726396
1fa19d88,0c1e4d40,4d9c2943,2024-02-10,Completed,755.6457245
b23dab27,a115a278,935b42af,2024-07-18,Pending,2331.108044
e6177b1a,2d863101,d3140354,2024-07-06,Cancelled,2229.718592
165c05a1,3481526e,ed20c881,2024-06-03,Cancelled,1862.951863
3a685ae1,6a08d227,986f0ecb,2024-07-11,Pending,2262.154171
b2221362,11ccb5e6,6c1c15f9,2024-03-22,Cancelled,1168.772101
8c882804,d16362f4,9d086f52,2024-09-11,Completed,2880.923914
74550487,8ec7f27a,5dd75e71,2024-06-30,Completed,2155.175946
9afda423,76069967,c91aaf65,2024-04-01,Pending,1257.829948
d8bdc1bd,8c25a949,e87518dc,2024-11-02,Cancelled,3398.181643
00e8b7af,1928f190,bcfd6e7c,2024-04-09,Completed,1335.102323
1bd7aed4,5535b05e,39e53a9f,2023-12-09,Cancelled,113.3725725
96cff8c7,b3b1e62b,c41e2f07,2023-12-24,Pending,276.0463204
c976936d,f25760e8,febac0e5,2024-10-04,Pending,3091.817855
6fb6f94d,635021ff,0c387cf5,2024-08-12,Pending,2571.238528
bfa7182a,ec5d9a5b,d7972be0,2024-05-26,Pending,1818.016459
45737fa4,86ac3065,91cfcdde,2024-02-04,Pending,695.6105514
572ac486,4ae798d1,2aa9e7ff,2024-12-07,Cancelled,3748.22627
37aa968c,7d91cbd0,3744f6c6,2024-01-08,Completed,414.8053039
724b8b42,e2f533da,2c91802e,2024-10-16,Cancelled,3221.095247
c546c882,5b353583,752411ff,2024-07-17,Cancelled,2707.524846
5211701d,abb616b3,678d641e,2024-07-02,Cancelled,2168.547936
a611580c,90cbbb23,6027b2b7,2024-04-07,Pending,1304.134089
16cba46a,fc8d7a74,8cc98803,2023-12-16,Pending,183.3462445
4af95699,cc1ab13e,a8115e79,2024-06-17,Cancelled,2003.109385
80aacb7b,fa05d6b4,9d92e817,2024-04-12,Pending,1378.975792
ff2858fd,a9f0ab06,1dd79d4a,2024-07-04,Pending,2209.44843
19eb2d70,f39a5594,2534ef63,2024-12-03,Cancelled,3717.926469
e0c18b94,6e65ab8e,c22e1574,2024-02-09,Pending,731.4438547
ea751d34,3053e555,ea946363,2024-08-18,Cancelled,2632.381105
193eae7e,36f0fde8,e43e510a,2024-06-19,Completed,2052.551801
e6d64d2c,c2f3d87c,1dbedd98,2024-10-14,Completed,3217.389247
9768c08e,ca3013f8,11286849,2024-03-02,Pending,936.5046776
16abd194,c5a41fbf,0c90b7ec,2024-10-23,Cancelled,3316.437087
d62d7849,e3ebb92f,ae2041c8,2024-03-04,Pending,982.9014897
6de08453,2960b79e,2656802e,2024-03-24,Cancelled,1187.991997
b4c9b690,cf25ba12,ee917e0d,2024-07-20,Pending,2359.02878
54b9ea66,a18974de,be0f5fef,2024-07-26,Cancelled,2414.536608
b3d6133b,66de9ca3,be258451,2024-06-03,Cancelled,1876.729721
9be636ba,e84784db,8d668957,2024-11-16,Cancelled,3557.309139
8e10e064,0a196122,1801d030,2024-04-15,Completed,1404.642556
4fa40454,53f71546,360fe87e,2024-05-24,Cancelled,1761.808747
92f8ffb9,a1dd5d80,0f1335e4,2024-01-04,Pending,351.054679
67c6afd0,58079474,00293d8d,2024-04-26,Cancelled,1495.058535
04c53196,ad8c806d,583b6696,2024-09-23,Cancelled,3012.422133
bbc102dc,3e474b4c,654246dd,2024-04-19,Completed,1449.491045
6c1a9332,610c7fca,cd0db1ba,2024-09-11,Cancelled,2866.016676
88c23920,2adf7d7f,9.45E+52,2024-10-16,Cancelled,3233.765229
9728d7d7,4313dcae,6a2b243f,2024-01-19,Completed,515.2356343
052c90e8,e66f5f73,16de2ac9,2024-02-07,Pending,728.7965759
4b048b19,d968ddec,30d51a52,2024-10-27,Completed,3353.684757
688aa6aa,c2b2b64b,002e8a39,2024-05-16,Cancelled,1713.533148
783b6387,85658d15,c6d6915b,2024-10-19,Completed,3258.747726
3c68e89c,9db8fe79,76a0f54d,2024-11-24,Cancelled,3616.59278
8b274c87,a9dacf5b,7bb9cb38,2024-08-19,Completed,2640.936283
876bbe78,a7095dc3,7587d388,2024-02-04,Completed,672.2550199
89699359,d356bbe7,435d1f1b,2024-08-04,Cancelled,2514.588895
3ff07637,becad47b,9f1a68a1,2024-05-21,Pending,1762.51604
24244233,e2e8e9de,3ba1520f,2024-11-25,Cancelled,3649.988707
4167de45,e2f533da,f556bc51,2024-06-23,Pending,2099.865473
6774a52e,738d282a,1029722a,2024-06-17,Cancelled,2022.217268
2a038de1,52576254,e9644991,2024-02-25,Cancelled,900.7594966
8ba7ae8d,ff002a92,1d38551a,2024-08-03,Pending,2507.790629
ddce64f9,5a3d7006,958e5546,2024-08-25,Cancelled,2723.985896
9e880005,82f86632,efa7bf09,2024-02-02,Pending,649.8939241
8d6315c1,647ddcc9,a8cf95f2,2024-03-24,Pending,1168.021765
16a52707,13f7d1ef,bb464418,2024-08-18,Cancelled,2625.166377
bd0075b5,caca3ff8,b6c401ab,2024-10-12,Pending,3208.162041
02cf5884,1fd34909,0fdcac90,2024-01-15,Pending,484.2469854
8ea16c7a,6642287e,f4b1d4f8,2023-12-29,Completed,299.1457122
ad34f9e9,6996b78d,bffeb432,2024-08-27,Cancelled,2736.868027
dd6d0e8e,22b86e9d,9ea93743,2024-01-19,Pending,524.7251296
3f2b68a0,c3541979,218b2ab0,2024-09-23,Completed,2994.326509
4d3cb02b,06cb81f9,15dc218c,2023-12-12,Pending,124.5423037
8594fe06,fd9d727c,ae2e1cd2,2024-11-29,Pending,3676.862928
7fbcb375,517e86dd,65eab846,2024-06-06,Cancelled,1910.812308
35a58e8a,f0321db8,2063d6fb,2024-03-27,Pending,1210.892736
8622e0a1,647ddcc9,935d89c0,2024-11-17,Completed,3550.80654
e7a63e50,863208a4,54d26d5a,2024-01-31,Cancelled,654.08726
122d48e7,d7c46bc4,0a7fea00,2024-05-22,Cancelled,1762.076274
92463b5f,f20e4fc6,0658cca5,2024-11-18,Completed,3562.437519
8bcab461,d16362f4,e82f346f,2024-02-03,Pending,685.0661441
c250a38e,863d7b38,dc41fbda,2024-09-24,Completed,3006.139315
436e8994,ce582fde,8f3e8ac5,2024-04-07,Cancelled,1295.360609
0b3f60fe,2cfed3ab,9e3dd28f,2024-01-01,Pending,321.1513071
8bc0be34,e5d73a90,092db504,2024-02-28,Completed,930.2054902
4f30a72c,a6023e57,4751b805,2024-03-08,Completed,1214.812382
9c3a06ae,c2b2b64b,4dc3ea0b,2024-04-03,Pending,1278.163191
0bee3c41,d6494d63,53b1b3e9,2024-05-03,Cancelled,1558.518566
5ba2146f,42961006,e817ae12,2024-05-04,Pending,1565.454859
ddecb112,502e0800,5b59e19a,2024-05-16,Pending,1680.581787
72d6e918,32e06a6f,94299d98,2024-06-19,Completed,2034.023502
1ecd362d,c8303bad,1eb502e9,2024-04-15,Cancelled,1393.596707
afbd48af,37d634da,25de3b0e,2024-11-29,Completed,3665.689762
af91ad9b,4af9428b,3cbed378,2024-07-26,Cancelled,2407.498997
3f10be23,8559d4a8,94ff5de5,2024-05-24,Completed,1796.166348
ba7e8252,5991f751,02a22621,2024-09-01,Cancelled,2773.930219
2ba66ea3,ff6c330f,50db9ffa,2023-12-31,Pending,330.5595796
5a43e8fd,47059406,ebc9ef48,2024-01-06,Cancelled,401.3461205
5ef4bd9c,f0a85f27,69fe13e5,2024-06-16,Cancelled,2005.861711
ea854518,00baacd0,55dfad31,2024-08-18,Pending,2644.883468
3bddc41d,47059406,b86645fe,2024-05-12,Pending,1674.494548
a32240eb,29a134fd,51ab59b8,2024-05-16,Completed,1717.980825
f1890d4d,46129a81,21fc6348,2024-05-06,Cancelled,1585.882939
662d5b80,12030c2b,dfe229bd,2024-02-15,Completed,807.063505
458d953f,9db8fe79,0ecbd5fc,2024-09-07,Completed,2839.684652
f5b58b85,0e8a45be,89daea73,2024-09-20,Cancelled,2960.329776
0f45edc6,4172ad22,fb107feb,2024-01-13,Pending,458.3654302
a3f59399,c98e39c6,da429b38,2024-06-13,Cancelled,1999.201303
3623f2ae,d86ae95e,272397a2,2024-08-01,Cancelled,2469.704724
de8bca28,a18974de,0bd64192,2024-06-10,Cancelled,1943.150064
5360c052,a6199ff6,f2c3ee98,2024-06-06,Cancelled,1915.336034
cd8db866,42f798ae,05ceb315,2024-03-19,Cancelled,1109.605825
4cefc74f,253ab83e,5f7eda1d,2024-05-12,Pending,1643.034533
aa2e63e6,b6a2e75f,0d364835,2024-10-09,Cancelled,3145.155189
6950876a,a49ec737,25de3b0e,2024-05-30,Pending,1825.121834
c597e1dd,c8cc45f1,b2e132b8,2024-11-20,Pending,3566.076108
5e327d62,8eea81b8,9a138e9f,2024-03-11,Cancelled,1025.553087
e7428714,c84432e6,c96caf90,2024-08-13,Cancelled,2595.63499
6f42a6e6,822b8e23,c5559863,2024-01-27,Pending,587.2752034
f4dcee15,72e0ba66,e9e657a0,2024-10-13,Completed,3193.826691
02df35fb,a49ebf2f,bd93b604,2024-08-15,Pending,2825.871536
8215f217,314cb894,56f580bb,2024-06-15,Completed,1998.958466
a3ab9a6a,bb143dc5,992c4d3e,2024-03-16,Completed,1096.70231
dbc6fcc8,c3c15214,eaae7f53,2024-01-09,Completed,406.8927948
f1d6d500,3104bd0d,0d167118,2024-08-11,Completed,2557.691561
e652aade,9bef3bb4,c243a782,2024-08-16,Completed,2601.634745
99d6767f,4c4bbf10,9a0d25d8,2024-09-25,Completed,3006.757403
ba5e8857,5b48401b,4dc3ea0b,2024-09-10,Pending,2861.143614
d1f4b7ab,8153c132,5eedca42,2024-06-22,Pending,2057.080419
c5f593f1,cf62870a,414da4b4,2024-02-08,Cancelled,703.5481014
aed33a84,e5e5f158,c7388501,2024-09-22,Pending,2974.825435
73f6da64,f16818d7,5.10E+91,2024-04-29,Pending,1528.431151
10d42c6b,64c7fec8,62d3f1c6,2024-07-09,Pending,2228.253349
d2db62f6,39d3f894,fffbffc7,2024-05-11,Pending,1644.570794
c3de9058,9d4e16c7,fd342e05,2024-09-05,Completed,2820.136691
913da163,67fdf9b3,d4f020c4,2024-02-07,Cancelled,717.6157931
9cfcb1d1,12030c2b,04b03c80,2024-06-22,Cancelled,2051.572486
bbdf62b0,64411725,a0afb95b,2024-08-12,Cancelled,2591.976416
8211f7f7,3bf44a94,5b58b0aa,2024-11-15,Pending,3535.116016
3857f7d7,c5fc35b7,c70c3840,2024-05-25,Completed,1773.270361
7ba4f767,d0925e9d,d10953f9,2024-02-22,Pending,874.943145
5237c636,1f64cab3,bc87d447,2024-02-28,Completed,936.834896
c2bc170e,20e8f95e,29fb6c62,2024-03-28,Cancelled,1192.443118
879bd2d4,ed22a4a6,8fa32e3a,2024-01-28,Cancelled,601.0751059
cf9cc3bb,bb8e4b50,cf98d580,2024-09-20,Pending,2982.248051
50fa40fb,276b9e51,076b929b,2024-08-11,Completed,2579.930388
fce91dc6,746b7f64,d1440a77,2024-08-28,Pending,2727.380841
4c6094f2,738350f6,e43c4935,2024-03-26,Cancelled,1178.373973
a182ab44,f915ac95,b994d07a,2024-06-26,Cancelled,2104.818884
3c1c866b,623f8728,0ecbd5fc,2024-01-08,Cancelled,409.3809194
71a17618,75243f85,470a06c0,2024-09-08,Completed,2854.730191
bf708810,a042da41,77d51318,2024-01-29,Pending,614.7565456
027d9158,a5673d3c,9e2a18a4,2024-01-29,Cancelled,618.5013886
54f9bd7f,48ea4abd,c056e7be,2024-02-11,Cancelled,759.8988375
9b525269,cd2e50c4,1278fe93,2024-09-05,Completed,2801.467328
73b5c66f,3a92d17b,87d455bf,2024-06-03,Completed,1870.097478
37bb257e,1723a3b6,c406a0d5,2024-10-16,Pending,3238.533983
484d5e31,635021ff,9a8b6905,2024-08-02,Cancelled,2495.808274
59745322,eccd1b9b,91d69db6,2024-05-29,Pending,1830.467098
fdaaf8e2,4af9428b,c8959ff6,2024-04-30,Pending,1541.284539
885eb1e0,0c145db0,8f3e8ac5,2024-05-20,Pending,1724.28688
beca736c,5b353583,9e854b8e,2024-09-30,Completed,3067.896495
80c565fd,4e3d2c3a,dcf7ac17,2024-10-28,Cancelled,3351.304691
bdb3608a,5972318b,f15b0952,2024-05-13,Cancelled,1659.69882
27a0e89a,d0aaf491,1c0bd57e,2024-02-22,Pending,850.7697292
45d8b177,ca77fe24,431c77e5,2024-07-02,Pending,2165.091367
2a3c0fa7,0db9f8b3,73466e5b,2024-10-04,Pending,3090.802848
ea358cee,089a1b74,ed187f46,2024-03-22,Cancelled,1142.883167
af1685c9,ad8c806d,5e493fc4,2024-06-17,Cancelled,2008.45792
7cf620f6,e66f5f73,8e9bf993,2024-04-18,Pending,1413.099894
58fc1d66,f9b131cc,ddf43272,2024-01-22,Cancelled,534.7904853
c4a935ac,667ab8c2,ea244f18,2024-09-08,Completed,2865.621091
d24d3f18,8d5f938a,b306840d,2024-05-10,Pending,1643.743698
78b66413,4172ad22,81ea0acb,2024-09-23,Completed,3007.164093
a92728d1,c5b07049,006cb334,2024-01-31,Pending,651.5668495
bee5153a,6f335330,7.80E+09,2024-09-20,Pending,2969.937688
fb901708,bcae09b1,eaad2daa,2024-10-06,Pending,3113.476812
0263d689,4930cf13,1531e878,2024-03-26,Pending,1191.484262
9e59e723,55806718,8573aa3e,2024-05-10,Pending,1643.473645
6a4cb6f3,29a6f5da,ac866d71,2024-10-20,Pending,3279.817579
3c64399e,ca305c6c,146aaa5c,2024-02-05,Pending,687.2663818
ded54e66,7bac1068,a255ce95,2024-02-19,Pending,915.1032121
144a302d,ba5816f2,b632e6da,2024-11-22,Completed,3591.351036
28130947,c630c2b3,ee917e0d,2024-06-15,Completed,1994.523292
ba5ae203,cb440b2a,5c6d807e,2023-12-27,Cancelled,295.8366897
0ddcf710,5aec368f,d832b182,2023-12-19,Cancelled,212.8311322
addeab0a,8ecb1c60,cd57a6f2,2024-01-31,Cancelled,634.243869
c5cbf4de,ec8f2563,0dcf3ab5,2024-09-23,Pending,3019.46061
c3c8be5c,253ab83e,2dc97934,2024-08-07,Pending,2534.230993
a09652ae,f79df363,9e854b8e,2024-11-12,Completed,3489.489072
2b95aa7a,184e4a47,41e248e3,2024-05-20,Pending,1724.071299
754d0aac,d469ed51,6ec8168e,2024-03-30,Pending,1216.114366
2d758003,12979ea5,5dd75e71,2024-10-08,Completed,3139.838309
0d3874fc,9eb4e44c,992c4d3e,2024-04-17,Cancelled,1396.427255
92f24899,3a92d17b,43495a53,2024-09-14,Cancelled,2897.462681
93d8f127,b49eaea2,6d888b98,2024-02-06,Completed,691.4038067
028d04dc,ee0844f6,7.55E+09,2024-01-16,Completed,476.9349438
b1dd2d05,9db8fe79,002e8a39,2024-02-27,Pending,925.870617
d0b2cc3f,73ce3164,e282a8f6,2024-05-07,Cancelled,1593.20935
2168d4f9,98b50089,8b7dfd6f,2024-09-07,Pending,2840.980456
68cd852a,7f29b383,51ab59b8,2024-12-07,Cancelled,3746.415873
4a549220,f16818d7,49d5eb26,2024-08-07,Cancelled,2549.295145
d872941c,4dcac7c3,3c0f1be0,2024-02-21,Pending,834.4815561
3f71ea19,c456edde,d4f020c4,2024-10-19,Pending,3255.914224
d9b9ded2,c4e6b6ab,62ac017e,2024-07-24,Completed,2408.778817
802dcbcc,276b9e51,72421002,2024-10-01,Completed,3094.620285
05f971b0,fe4e8392,2bec382d,2024-02-02,Cancelled,672.6828828
7078f826,24267535,4134e379,2024-05-28,Cancelled,1810.316113
76a0346d,41c8051c,79f84d5d,2024-06-21,Cancelled,2046.835503
62c37172,4bec324b,4f13626e,2024-05-23,Cancelled,1776.745729
ed83cf58,517e86dd,1531e878,2024-04-04,Cancelled,1297.17504
a5a4a0ef,1f84f90a,c543003e,2024-06-18,Pending,2032.270516
7c037492,72f990f4,d3d52c6e,2024-04-10,Pending,1342.864508
86472b35,8420c21d,bffeb432,2024-01-02,Completed,341.1991637
4f36046f,4b99634e,efa7bf09,2024-10-18,Cancelled,3260.779717
6c6f4afc,f94750cf,6c4ee216,2024-02-26,Completed,887.4817499
9c078f12,b1359e7d,8a244ec1,2023-12-25,Completed,262.9471695
c4cd4b38,870ef607,1fa12c05,2024-09-07,Pending,2837.017458
c40d7c26,b49eaea2,4ffcce09,2024-03-09,Pending,1020.304415
292299b0,2fd2dcf0,8fbb95f8,2024-10-09,Pending,3149.696389
e3b82ea8,092ae67e,a0fe06b3,2024-08-10,Completed,2544.593473
a18fad0a,37b296c6,bc6e3945,2024-09-11,Completed,2884.424802
a157ee06,390c9e04,1a5f5a93,2024-06-22,Pending,2061.545222
6c48d678,126567da,5c9b9c79,2024-12-04,Cancelled,3723.249529
d6fe8aac,40f3def5,8e9bf993,2024-10-01,Completed,3066.174509
a0be29fb,fc8d7a74,edfe4818,2024-06-16,Cancelled,2009.245604
ea82b6b4,9a8589b7,fffe14f1,2024-02-14,Completed,781.3035773
327e6c75,56183ddc,52e33cec,2024-03-09,Pending,1102.072941
fb3c4a0f,069d4a3a,8a0f9fb8,2024-06-24,Completed,2083.464171
2942e548,67647cc8,431c77e5,2024-10-09,Pending,3145.376587
43d3422a,59991c7b,f02fdd14,2023-12-09,Cancelled,92.53499882
09eec752,9db8fe79,1e770b01,2024-03-29,Pending,1239.598409
6fdcb803,596e0b33,0809814b,2024-03-11,Cancelled,1032.894154
ccee5981,c28efbbd,f520335b,2024-04-15,Cancelled,1402.394978
9.87E+13,2.99E+06,7db55e95,2024-02-20,Completed,830.1856262
90e80b54,136e41e7,2557f92b,2024-04-16,Pending,1407.260109
3e54b7e4,67fdf9b3,1a9fb92e,2024-03-26,Completed,1200.409114
2bba701f,146a8a62,13e00b10,2024-02-18,Completed,823.8255496
6e7e32d1,8ce5e570,3114a237,2024-11-12,Completed,3498.863048
1d6f4106,5b42fe62,ee63a8cc,2024-01-12,Cancelled,446.4736366
8.27E+61,53958ef3,33697bad,2024-10-29,Completed,3353.954731
24698002,1e15fa07,3e593dfc,2024-07-18,Cancelled,2347.181166
a0604835,b3ff7e1e,443217d2,2024-11-19,Cancelled,3583.224776
8de6e03f,35011f9e,a91ed682,2024-12-06,Pending,3758.601076
b61575f2,56e83f48,62ac017e,2024-11-17,Completed,3534.971889
29fc8584,a3c74c78,b6c401ab,2024-01-02,Pending,359.234699
fc0001ca,a4cfdd6b,4ffcce09,2024-01-29,Cancelled,637.5336183
9b44ba8b,43f2ed8a,9a590cf2,2024-03-06,Completed,977.2493226
40fbc3ef,fd1bf72e,7.55E+09,2024-01-22,Cancelled,532.6598507
c45d24a7,c630c2b3,d085ed86,2024-02-29,Completed,939.644826
ff21eb54,c87c85e2,414da4b4,2024-11-05,Cancelled,3432.978925
da0a4b47,6fe99844,9401b836,2023-12-24,Pending,273.6731511
0fc1148f,3ecccc45,ffe6e5bf,2024-05-09,Cancelled,1615.590895
bea6809d,47059406,3ba1520f,2024-07-22,Cancelled,2381.810692
6c6f6b6d,a6f7111c,4d749661,2024-09-15,Pending,2908.065093
17b9270b,bcef5ba2,76f660c4,2024-06-23,Cancelled,2066.546238
d2dd01f8,4d3add44,bd93b604,2024-07-13,Pending,2266.570632
01724a3b,bffb154a,a255a39c,2023-12-09,Pending,122.5829888
4d48a929,3f04d399,dc41fbda,2023-12-09,Completed,116.6078888
251a4fab,b3ff7e1e,3f4dfa8f,2024-09-21,Cancelled,2980.922617
09ddafd0,a6cec1f2,bcfd6e7c,2024-07-29,Completed,2434.353219
b6ffb6db,9244fe00,231ef094,2024-09-06,Cancelled,2845.088022
8711d07e,9de6423c,89b3987f,2024-11-23,Completed,3605.697804
0808706e,36d3765a,fc55bbeb,2024-06-17,Completed,2232.663978
c2e0893f,becad47b,be0f5fef,2024-05-18,Completed,1717.565396
3faae297,90cbbb23,744da8e3,2024-03-23,Cancelled,1155.077777
b60304c2,5841e550,b81a2367,2024-03-13,Cancelled,1058.507191
c9c56544,7f29b383,c6d6915b,2023-12-28,Completed,292.055115
f23a0f57,129040c0,15d1f208,2024-04-15,Cancelled,1399.904375
4974db99,6b5cc240,a8115e79,2024-03-13,Completed,1060.108816
f970493b,2bded91a,ac7c1899,2024-05-22,Pending,1749.288508
00562bb7,b67186bd,b6dc1e6b,2024-11-28,Completed,3675.982983
7a552db8,c86aa56a,1029722a,2024-10-01,Completed,3075.355649
973f2604,c78ebfb4,fce3b70e,2024-06-01,Pending,1861.742114
8954dd4e,5ce6a6af,da773dc9,2023-12-31,Pending,346.2588844
429166a2,5129bdf8,e223f244,2024-11-07,Cancelled,3454.96952
4174385e,e9766891,7f97e40b,2024-06-15,Pending,1984.675922
cb3210af,66de9ca3,6dff6469,2024-02-05,Pending,707.5932849
b97a8e7e,3e474b4c,86994fe7,2023-12-09,Cancelled,115.1083221
68c3c4e2,a1e39c2b,0cc542ad,2024-04-24,Cancelled,1473.396225
f7095340,3ee27973,41132fa5,2024-01-04,Pending,355.5708829
32aabe14,2278c8a6,8.30E+93,2023-12-26,Completed,291.7610076
e0555ab5,6fe99844,5456f1ba,2024-04-16,Pending,1404.80291
df66c757,6871b61b,db320537,2024-07-08,Cancelled,2231.338444
5057439e,9244fe00,e6ddaf0b,2024-10-18,Cancelled,3265.755703
a6d82269,6982e609,e49cdf9e,2024-07-25,Cancelled,2411.543888
0243e7ab,bf0aee50,86d852bd,2024-04-15,Pending,1376.066995
bdfd5c0b,67fdf9b3,854fe848,2024-11-26,Completed,3632.468883
1542868e,7ad9ea37,9c8d5113,2024-11-01,Pending,3379.939566
69178c7a,0fba7b44,1a5f5a93,2024-10-09,Pending,3169.757852
e1808b28,a70e7ba5,8bd9163e,2024-09-12,Pending,2871.341297
6f424e84,f02d10dc,d8785826,2024-08-14,Cancelled,2602.795587
68f736b5,4b6eb479,8b154099,2023-12-20,Pending,230.4983474
2bd27c04,6b8bee74,d408ccda,2024-10-28,Pending,3365.070625
bcca5126,8a51905f,65eab846,2024-11-07,Pending,3443.68327
810b71e2,ed7802be,63cfd419,2024-03-28,Pending,1222.850292
a7c5cd43,2960b79e,64cea9dd,2024-07-25,Pending,2384.425269
8ecf1c89,5b42fe62,8b154099,2024-08-13,Completed,2603.858092
92feba98,1c38a7c4,52df40da,2024-01-27,Cancelled,585.0995465
9f0c7174,c5b07049,d7972be0,2024-07-17,Completed,2115.891492
3e90392b,f79df363,fce3b70e,2024-05-15,Pending,1701.891815
c068c33f,d356bbe7,b306840d,2024-02-01,Completed,635.9966971
675a371d,5a0b3d3e,f520335b,2024-03-20,Pending,1119.170056
e10cf671,85658d15,9cf015aa,2024-07-28,Completed,2438.890103
0e1a07ff,6b818747,ae15b0f3,2024-12-02,Cancelled,3708.801461
1cc7ba09,092ae67e,53b373c6,2024-11-07,Pending,3455.645905
0ed54f3b,6954d821,e477b8ba,2024-07-07,Cancelled,2227.757938
0b0f743e,b4799c7e,fe1f10bc,2024-05-08,Pending,1621.708978
fdbbe8cb,6a9acadb,265b3af4,2024-04-26,Completed,1490.071962
41e795df,01f0e30b,ade65bc3,2024-05-19,Pending,1723.82784
ccc6bd78,cffec15e,73466e5b,2024-06-24,Pending,2077.263909
dd7845bd,7187df5b,81e49294,2024-03-05,Completed,996.3380225
f8bea08c,e2f533da,a8cf95f2,2024-06-09,Cancelled,1943.335672
334841ff,93fda576,5f7eda1d,2024-07-25,Pending,2396.034057
42eaeda1,3104bd0d,8a0f9fb8,2024-07-26,Pending,2408.480232
8517389a,8d750c1e,2449fa34,2024-10-20,Completed,3287.891334
19bcd156,17f3ad34,435d1f1b,2024-05-31,Cancelled,1836.134056
ee168256,17b33790,5dd75e71,2024-11-24,Pending,3623.449193
098a81ab,25e8600b,adecabb7,2024-11-20,Completed,3580.235547
9373fc78,ed22a4a6,a8bf7970,2024-09-01,Completed,2784.458169
ad5d368b,57701196,bc6e3945,2024-10-12,Completed,3170.724407
4623a208,a115a278,14bfd955,2024-09-19,Completed,2974.884956
fcf5f421,1a2bf82a,87d455bf,2024-05-23,Cancelled,1787.284731
cb8a5761,863208a4,84ef169b,2024-03-09,Completed,1022.605327
6add6493,56fc6ef8,a3348865,2024-09-18,Completed,2957.866033
eb38a47a,ff7d5533,e4abfc62,2024-07-21,Pending,2376.899975
3100063b,3e65f1b8,6ab20818,2024-05-05,Pending,1198.289545
d3ceace9,8b39e592,5a79e0cb,2024-01-02,Cancelled,336.1015617
b8f39126,ea0e443f,9cf015aa,2024-11-09,Completed,3473.051534
8fe24332,f02d10dc,595717b6,2024-02-14,Pending,784.2686019
fdc8cfb1,26f116f5,a3348865,2024-08-07,Cancelled,2526.965227
a9275de2,6fdc17cf,af6ddf42,2024-02-08,Completed,729.4577694
6630a0af,f03dabd5,c44e4ecb,2024-03-01,Cancelled,957.3746806
3cdf2268,9eb4e44c,ac7c1899,2024-08-19,Pending,2667.022741
63ca354b,5cb82f6c,c232f98e,2024-03-05,Cancelled,978.0335749
dfb05ece,3d4060ad,12f035c4,2024-03-25,Completed,1164.529522
4bb9af9a,652ca280,7c96f006,2024-04-26,Completed,1519.393648
5112835b,371189d1,bd274c0f,2024-03-04,Pending,983.5559235
8753f5e4,a97adb62,c7388501,2024-07-14,Completed,2274.986507
cdae983c,6c4f56ff,62ac017e,2024-04-03,Cancelled,1286.833675
9c34e4db,e2f533da,be258451,2024-06-06,Pending,1924.795854
93352fe9,5aec368f,f1ee55ba,2024-03-07,Cancelled,1000.753522
7e51f620,7c1875ba,986f0ecb,2024-11-18,Completed,3563.651017
af763028,8925e450,9d5ae44b,2024-06-28,Pending,2125.960108
61eff24a,12362af5,43f91877,2024-04-26,Cancelled,1482.190466
5451547,bd38ba05,f737a877,2024-12-03,Cancelled,3703.40789
386874ef,8ecb1c60,12f035c4,2024-04-14,Pending,1392.114138
40313ed3,11ccb5e6,cbb7903d,2023-12-15,Cancelled,150.1852809
fb11728c,6579ece4,a9caa770,2024-08-06,Completed,2513.339967
b658aab8,becad47b,8.30E+93,2024-09-05,Completed,2815.926748
8a5d1048,180904fe,13e00b10,2024-04-28,Pending,1521.495824
5c4ac5c9,c1d6fe2b,4a94850d,2024-08-01,Completed,2486.794225
e78c045b,3eb7e70b,5e8f1ff3,2024-01-18,Pending,503.8538398
08b48d93,7ac0f154,f73458f1,2024-04-21,Cancelled,1443.878128
98ad5fb4,3d801207,3e593dfc,2024-06-13,Completed,1989.50005
16845341,98b50089,f6e79524,2024-10-29,Cancelled,3358.088718
65c638b3,7386868d,024a3e1b,2024-08-21,Pending,2658.984193
9cda45c6,cc1ab13e,e96659b2,2024-07-05,Cancelled,2198.097581
fe973c3c,299c254f,3b7dfc2a,2024-05-28,Pending,1805.634281
7c0f1138,667ab8c2,bd1fad1c,2024-05-20,Completed,1727.055479
085e1c26,0c527a7f,77d51318,2024-08-20,Pending,2659.934711
adeb5c49,5aec368f,a768eb1d,2024-05-30,Completed,1836.757018
f91e1ea6,ba13f381,2fbe492c,2024-10-06,Cancelled,3146.593836
537c8ff9,6fe99844,e583107f,2024-07-23,Pending,2374.495756
7bebf183,5a3d7006,89daea73,2024-11-12,Cancelled,3503.223534
50b12411,0c1e4d40,7.08E+14,2024-10-25,Pending,3325.290572
dfd93030,69a59634,6f385d93,2024-06-12,Completed,1950.523778
e18270a3,01d11634,9a590cf2,2024-05-25,Completed,1796.541495
9377f113,7a3f3b3f,6c4ee216,2024-09-01,Pending,2767.121439
3510b39b,2278c8a6,dfe229bd,2024-05-24,Pending,1798.442813
72ee0b7d,46085f15,016364da,2024-01-01,Cancelled,315.9465091
49fdb1a4,7dad146d,46ac41ee,2024-01-03,Pending,356.5849649
8b3fc7d6,8b23a0c2,3f531fe4,2024-12-02,Completed,3683.413987
8e3aaef7,2f0a79c6,252a5565,2024-08-03,Completed,2509.87497
203d258c,cf62870a,b632e6da,2024-07-26,Cancelled,2410.0878
9438a46a,4b01c91c,cd57a6f2,2024-01-06,Cancelled,393.8154007
2a086b58,98b50089,f85c640d,2024-03-05,Pending,962.6830591
b5403c39,5574768f,e223f244,2024-08-02,Pending,2489.998419
9df99a6d,7351b3e4,49434c75,2023-12-24,Cancelled,248.3962237
e96ae1f5,f311b6fe,2b56ad41,2024-08-06,Pending,2535.922172
b34d045e,ec8f2563,0c387cf5,2024-08-08,Completed,2528.205586
8531472d,b4799c7e,c9653447,2024-01-04,Cancelled,357.6275088
1f1cee58,57f8c99e,dfe0fc98,2024-01-02,Pending,331.4619867
a60f32af,178836c3,43495a53,2024-02-03,Pending,668.8826778
3d3f63d3,3b5b35c0,a255ce95,2024-02-04,Pending,682.5936453
37e20e19,ad3e307f,52df40da,2024-01-07,Completed,382.6283456
307cd692,56183ddc,3c51a620,2024-10-16,Pending,3241.021105
708ccf29,ee0844f6,65bd8c8a,2024-08-17,Completed,2628.131553
30b51698,aab8e07a,cf98d580,2024-05-18,Cancelled,1720.975611
7726b205,a15595fc,1f5168c3,2024-03-17,Completed,1097.63051
cda5fb08,4a1d18b5,9e2a18a4,2024-07-08,Cancelled,2226.030522
586fe78a,c142ee22,ac7c1899,2024-04-26,Cancelled,1502.385613
6f3a839d,0547d952,9233a57b,2024-02-16,Cancelled,786.2096098
3f4e9ab5,fa05d6b4,4e5a9999,2024-07-11,Cancelled,2247.277125
7714c70b,ce01d4f6,d085ed86,2024-10-31,Completed,3394.471425
4a29243f,9db60463,dee0690a,2024-10-19,Completed,3277.844618
cf8f6929,252ada76,3f531fe4,2024-02-27,Cancelled,904.9323727
012ffb89,6a08d227,c22e1574,2024-10-24,Completed,3300.829787
ddd3c93e,17b33790,685f1906,2024-07-19,Cancelled,2345.759982
47f16e71,36d7097c,2b3e9ea0,2024-07-21,Pending,2356.349367
be362191,3b5b35c0,286b95be,2024-07-17,Cancelled,2301.015454
b8984f4a,46129a81,a91ed682,2024-02-26,Completed,886.2461039
8614b2de,17f3ad34,470a06c0,2023-12-08,Cancelled,108.6388892
73c1f4c1,09973b57,9af62cad,2024-05-29,Cancelled,1836.356958
1c4a7237,62c2a91f,a3cd67e9,2024-06-25,Completed,1081.08384
eed45743,c4c8af92,ec6bb11c,2023-12-31,Pending,318.8788865
41a42d3c,8d1cb37c,8f3e8ac5,2024-01-28,Completed,599.2429919
cf3a704a,3f765e05,279d77e9,2024-06-18,Pending,2036.87571
4b6c768c,0928e1a1,efa7bf09,2024-01-02,Cancelled,330.7884215
882e489d,9923da91,af6ddf42,2024-10-07,Pending,3124.164343
f399628a,e92546a6,002e8a39,2024-03-26,Cancelled,1201.996643
3cb3c440,50f55b46,fa125aa3,2024-08-28,Pending,2727.141786
e4532a6e,f9aec39d,f8c0ce92,2024-02-27,Cancelled,916.1098443
2aab9a6e,2.99E+06,f0b1c7cc,2024-09-08,Pending,1839.527311
b6f4ce1a,1f84f90a,4751b805,2024-01-27,Cancelled,583.9776557
4959fe28,7866f123,847d8403,2024-09-29,Pending,3049.726888
57effca9,f16818d7,1289161f,2024-10-28,Completed,3358.890677
d44ab5e1,28e707c1,6a2b243f,2024-05-09,Cancelled,1644.227859
cab5b450,05beba6a,c096b5c3,2024-08-06,Cancelled,2533.208795
e508d878,88aba351,c232f98e,2023-12-12,Completed,135.8873412
86edf2e3,1f84f90a,e43e510a,2024-02-20,Pending,846.7234055
62d8d3d0,c9e0105c,e120c692,2024-02-19,Cancelled,818.1993718
cd9a5638,37b74f19,272397a2,2024-09-13,Cancelled,2891.725909
7c5e89e1,b46954df,9233a57b,2024-01-07,Cancelled,415.8534327
266980d0,c2ab64b2,8838ecf2,2024-09-11,Completed,2860.520077
7ad8c8bb,9f7aa7d8,eb1dfb05,2024-07-21,Completed,2343.420341
78321410,ce582fde,be2ceceb,2024-04-09,Pending,1318.31545
ca1a3203,2fe39423,e3d013f6,2024-09-15,Pending,2901.061288
3dc15d7b,a70e7ba5,24dbbe47,2024-02-18,Completed,807.2574174
9d0805e6,73d4d913,3ec62fef,2024-09-15,Pending,2923.321662
4262a9a5,555102ae,f1459c99,2024-08-14,Completed,2596.856982
20f29ea2,8dc8f993,8fbb95f8,2024-09-26,Cancelled,3045.706868
94cad806,d9e47a85,bd40c39d,2024-03-21,Cancelled,1152.697742
ed5fe01d,7d160656,8a0f9fb8,2024-09-22,Completed,2983.672694
b0b65d7d,9d387988,678d641e,2024-06-17,Pending,2010.376937
5fae285f,c5b07049,25de3b0e,2023-12-26,Completed,275.1876963
1e6318cb,4c7ca7c8,5e8f1ff3,2023-12-12,Completed,143.6117977
b226a321,1f2ccb02,0ba0adf1,2024-09-02,Cancelled,2780.722546
c7646cc3,1ee51c3e,f9029b00,2024-07-16,Cancelled,2314.965956
dc8d2000,aa0cc744,9b1ed4a6,2024-02-17,Pending,806.3764661
f1dbb1e7,41c8051c,ed187f46,2024-02-14,Pending,782.0818872
bf23e6fd,058ccb98,be66f314,2024-10-24,Pending,3307.445061
66b1fd5a,bffd46e4,009a59bc,2024-05-17,Pending,1701.77863
230b92de,aa0cc744,43f91877,2024-11-30,Pending,3697.938132
2c15f7fd,5d5e59d6,21fc6348,2024-08-22,Pending,2690.544232
f55a6b94,f89336eb,f967757c,2024-05-23,Completed,1755.604527
7dbec7e8,edbf6fa0,f194f261,2024-09-26,Pending,3044.738719
599f4995,d2567a9c,2c9862da,2024-03-14,Completed,1069.497248
50095176,652ca280,ba2fe940,2024-03-05,Pending,995.7820891
e5e8014b,c20671a9,77b0e19c,2024-05-14,Pending,1691.99421
0af767b0,1f676118,2fca5656,2024-07-28,Pending,1427.00854
eb55380b,0928e1a1,8f3e8ac5,2024-07-26,Pending,2390.898772
25543dbc,799571c6,4dc3ea0b,2024-10-13,Completed,3190.747094
b28b7822,54cd31fc,4d749661,2024-01-22,Pending,551.6653686
8c3fe68a,4dcac7c3,f7e4624c,2024-10-29,Cancelled,3365.339129
c6f98e08,9e059660,1f0badcf,2024-05-31,Cancelled,1840.315507
ee6595bc,73e4e40a,d1f5c705,2024-07-29,Cancelled,2425.574243
b0893f29,44e3501e,b306840d,2024-08-03,Cancelled,2503.397209
4c82a8d9,75e934ba,af9d212b,2024-01-12,Completed,469.3760872
4bf612f3,089a1b74,9401b836,2024-07-28,Pending,2431.027607
4db4c6b9,2c9122fc,85cdde0e,2024-08-23,Pending,2676.867171
8f4b480a,ca349052,85fb72e7,2024-08-03,Cancelled,2480.892293
bead6eaf,d7c46bc4,02c303d4,2024-07-25,Pending,2380.735627
98c7392d,bb8e4b50,414da4b4,2024-08-11,Completed,2586.571952
559069cd,e92546a6,a768eb1d,2023-12-09,Pending,94.71004332
4b9e3c0e,d2567a9c,afb8906a,2024-03-08,Pending,1013.060659
cc061759,70145d52,d3140354,2024-09-12,Pending,2880.962209
356bfbea,e2f533da,0cc542ad,2024-08-31,Completed,2772.16712
aa045c58,f326abbe,c41e2f07,2023-12-25,Pending,276.0568155
c2eded4e,c84432e6,a439d540,2024-09-13,Cancelled,2913.189672
f2f6d6a1,791bc6cc,509786c9,2024-10-22,Completed,4278.256851
2163d283,2.73E+38,aa72d028,2024-05-02,Pending,1540.439833
42916b20,9eb4e44c,9bd6f30f,2023-12-09,Completed,95.4754252
1b62da1f,51d94a09,ccf0b17b,2024-08-15,Pending,2626.000746
c2a76398,c4dc3060,1289161f,2024-03-17,Cancelled,1114.955603
66ac0aae,4bec324b,16e2fbda,2024-04-14,Cancelled,1383.896524
304f6852,ea76d875,009a59bc,2024-11-05,Cancelled,3434.020674
52fd7243,d821b49a,595717b6,2024-07-16,Pending,2316.601467
8e670996,346ee123,92ebfda2,2024-09-09,Completed,2847.014851
675a8b49,8076121d,aa72d028,2024-05-11,Pending,1666.576478
22404ef8,6e56fea5,24dbbe47,2023-12-16,Pending,176.750821
42085aab,48ae6431,efa7bf09,2024-02-04,Cancelled,675.3255411
5221472d,bcae09b1,cf98d580,2024-04-12,Completed,1360.756708
8a492744,e095aacb,c7ea08f1,2024-08-15,Completed,2591.878639
ec3aa884,9e74a863,6675508e,2024-11-02,Completed,3386.651335
e9b93c2b,2df6c935,4e311d22,2024-09-18,Completed,2959.521345
a32351b4,ff776fb3,402fc419,2024-01-30,Completed,613.3119467
8623c395,91b2dcdf,4751b805,2024-10-05,Completed,3124.126084
68257774,56cf7273,e0511aaa,2024-08-27,Pending,2719.813964
981cd93f,6c5ae18b,a753fd41,2024-03-01,Pending,935.5718246
d6c09808,f9029fd1,8ff3a047,2024-04-24,Pending,1471.547749
26570057,f2177548,5cb330e7,2024-06-03,Pending,1874.226909
f32dd0a6,98b50089,00a32a93,2024-04-17,Completed,1418.761836
9613ec4a,a21f80ee,c6b63558,2024-10-15,Cancelled,3211.884869
6df6f7dc,a6f7111c,0d167118,2023-12-29,Pending,312.6561856
d0c9e428,3f765e05,80db4c5a,2024-09-18,Cancelled,2949.042016
e1ec5684,607334be,b6500c9d,2024-02-19,Cancelled,836.5468466
4acef476,1ce94c47,e223f244,2024-01-03,Pending,377.4731896
90d33aee,7b8918f8,91cfcdde,2024-09-05,Pending,2829.302884
ea5bb489,7ad9ea37,7c6a9d2f,2024-10-31,Completed,3368.597615
687d6593,cc1ab13e,6027b2b7,2024-09-11,Pending,2861.247325
a46e73a8,5a0b3d3e,43495a53,2024-01-28,Pending,600.4905618
8c29e9b8,0f4acf7f,789abdc8,2024-07-30,Cancelled,2453.803117
99e7875f,aa0cc744,2b56ad41,2024-01-10,Cancelled,412.0570325
bac33331,ac1bfecc,dd78e2e9,2024-08-24,Pending,2699.85465
511df6ae,64d590ef,e45fbd7c,2024-09-01,Pending,2783.873714
0bd35aed,e4c87b3b,a91ed682,2024-04-10,Cancelled,1333.369756
f746bbd5,3d801207,067c6f00,2024-12-03,Completed,3720.836488
ede5cc5f,4cf68f04,c91aaf65,2024-11-25,Completed,3614.26393
8f637e38,ea76d875,95a98b0a,2024-11-29,Cancelled,3653.005511
66835694,4c4bbf10,2d6afa89,2024-04-14,Pending,1389.12755
b3482ee3,d972908d,252a5565,2024-09-20,Cancelled,2969.819653
2afc9c5a,20f4848e,e96659b2,2024-05-08,Completed,1627.536096
1f1bc001,fab5761e,aa72d028,2024-07-05,Completed,2197.393094
0cf6eccd,04c00a53,46d8da4d,2024-05-03,Pending,1559.856081
31aa139d,02a52bbc,c44e4ecb,2024-03-20,Completed,1142.764093
c17cbcaf,2278c8a6,a753fd41,2024-07-11,Cancelled,2271.976635
3e665956,fa05d6b4,ccf0b17b,2024-05-22,Cancelled,1767.787859
b78f7ae1,cd2e50c4,0aa012c7,2024-01-31,Pending,630.8858055
a70ac99f,36967201,93221482,2024-04-22,Completed,1463.609227
62100dd8,8fe4e68e,e0511aaa,2024-06-03,Pending,1874.438956
30e1d13a,01fa524a,f69f812e,2024-08-19,Cancelled,2633.663283
40033043,ae1c469d,f737a877,2024-03-29,Cancelled,1236.692543
b0aac4e8,6e5c9216,81e49294,2024-05-11,Pending,1635.472745
b92672cc,a57edf94,e87518dc,2024-01-07,Completed,418.0094942
78be9dc3,32a1ed1d,3e9ac5b9,2024-05-30,Cancelled,1837.840231
